{
  "data": {
    "timestamp": {
      "total": 1546612847,
      "exchanges": {
        "WAL": 1546612478,
        "MBT": 1546612774,
        "CAM": 1546612749,
        "BZX": 1546612381,
        "BTD": 1546612596,
        "B2U": 1546611810
      }
    },
    "ticker_24h": {
      "total": {
        "last": 14621.940032274,
        "high": 15205.64,
        "low": 14170.01,
        "vol": 691.99607780513,
        "vwap": 14644.427712223,
        "money": 10133886.538559,
        "trades": 8660
      },
      "exchanges": {
        "WAL": {
          "last": 14650,
          "open": 15000.16,
          "high": 15049.99,
          "low": 14350.555,
          "vol": 4.5475510953465,
          "vwap": 14749.744615213,
          "money": 67075.217280992,
          "trades": 100
        },
        "MBT": {
          "last": 14679.97,
          "open": 15050,
          "high": 15082.88997,
          "low": 14485,
          "vol": 281.32731962001,
          "vwap": 14705.501310889,
          "money": 4137059.2674608,
          "trades": 4372
        },
        "CAM": {
          "last": 14480.76,
          "open": 14770.95,
          "high": 14804.5,
          "low": 14170.01,
          "vol": 162.90228575,
          "vwap": 14420.049750358,
          "money": 2349059.064962,
          "trades": 1314
        },
        "BZX": {
          "last": 14641.47,
          "open": 14908,
          "high": 15150,
          "low": 14400.04,
          "vol": 22.51529194,
          "vwap": 14696.977236396,
          "money": 330906.733113,
          "trades": 488
        },
        "BTD": {
          "last": 14600,
          "open": 14900,
          "high": 15205.5,
          "low": 14401.03,
          "vol": 152.06478047,
          "vwap": 14614.665913329,
          "money": 2222375.9637527,
          "trades": 1871
        },
        "B2U": {
          "last": 14750.4,
          "open": 15105,
          "high": 15205.64,
          "low": 14721.11,
          "vol": 68.638848929777,
          "vwap": 14968.349673817,
          "money": 1027410.2919892,
          "trades": 515
        }
      }
    },
    "ticker_12h": {
      "total": {
        "last": 14631.93436011,
        "high": 15108.16,
        "low": 14271.75,
        "vol": 151.39813272635,
        "vwap": 14595.896693267,
        "money": 2209791.5048273,
        "trades": 2119
      },
      "exchanges": {
        "WAL": {
          "last": 14650,
          "open": 14600.01,
          "high": 14899.98,
          "low": 14560,
          "vol": 0.49319225724953,
          "vwap": 14664.25033377,
          "money": 7232.2947229842,
          "trades": 16
        },
        "MBT": {
          "last": 14679.97,
          "open": 14621,
          "high": 14796.97597,
          "low": 14500,
          "vol": 64.52088442,
          "vwap": 14596.934698914,
          "money": 941807.13659494,
          "trades": 818
        },
        "CAM": {
          "last": 14480.76,
          "open": 14411.01,
          "high": 14500.46,
          "low": 14271.75,
          "vol": 32.7309041,
          "vwap": 14428.606756147,
          "money": 472261.34403207,
          "trades": 395
        },
        "BZX": {
          "last": 14641.47,
          "open": 14800,
          "high": 14800,
          "low": 14400.04,
          "vol": 5.89534072,
          "vwap": 14563.567375915,
          "money": 85857.191779694,
          "trades": 133
        },
        "BTD": {
          "last": 14600,
          "open": 14551.07,
          "high": 14828,
          "low": 14450,
          "vol": 26.48001451,
          "vwap": 14571.857000955,
          "money": 385862.98482292,
          "trades": 518
        },
        "B2U": {
          "last": 14750.4,
          "open": 14899.96,
          "high": 15108.16,
          "low": 14721.11,
          "vol": 21.277796719102,
          "vwap": 14887.375655314,
          "money": 316770.55287468,
          "trades": 239
        }
      }
    },
    "ticker_1h": {
      "total": {
        "last": 14632.661721576,
        "high": 14994.87,
        "low": 14400.04,
        "vol": 26.410275889562,
        "vwap": 14604.931067077,
        "money": 385720.25882955,
        "trades": 446
      },
      "exchanges": {
        "WAL": {
          "last": 14650,
          "open": 14651,
          "high": 14651,
          "low": 14650,
          "vol": 0.035605728435632,
          "vwap": 14679.932091403,
          "money": 522.6896755,
          "trades": 2
        },
        "MBT": {
          "last": 14679.97,
          "open": 14532.25009,
          "high": 14698.99939,
          "low": 14532.25,
          "vol": 12.25871621,
          "vwap": 14617.899755151,
          "money": 179196.68468463,
          "trades": 182
        },
        "CAM": {
          "last": 14480.76,
          "open": 14466.51,
          "high": 14500.46,
          "low": 14459.99,
          "vol": 5.01890883,
          "vwap": 14486.217362565,
          "money": 72705.004234278,
          "trades": 50
        },
        "BZX": {
          "last": 14641.47,
          "open": 14501.01,
          "high": 14700,
          "low": 14400.04,
          "vol": 1.93836444,
          "vwap": 14558.684899485,
          "money": 28220.037102327,
          "trades": 45
        },
        "BTD": {
          "last": 14600,
          "open": 14567,
          "high": 14750,
          "low": 14471.03,
          "vol": 4.59046478,
          "vwap": 14574.835841476,
          "money": 66905.270604575,
          "trades": 122
        },
        "B2U": {
          "last": 14750.4,
          "open": 14994.87,
          "high": 14994.87,
          "low": 14721.11,
          "vol": 2.5682159011268,
          "vwap": 14862.680552478,
          "money": 38170.572528242,
          "trades": 45
        }
      }
    },
    "rates": {
      "USDCBRL": 3.768,
      "USDTBRL": 4.03
    }
  }
}
