{
  "total": {
    "bid": 20816.63,
    "ask": 13611.4,
    "bid_vol": 415351.94338413,
    "bid_money": 15533365.127179,
    "bid_count": 1271,
    "ask_vol": 819.92419368581,
    "ask_money": 25500885.961712,
    "ask_count": 2688
  },
  "LOC": {
    "bid": 20816.63,
    "ask": 14017.31,
    "bid_vol": 829.7770800423,
    "bid_money": 10635418,
    "bid_count": 27,
    "ask_vol": 22.984012942087,
    "ask_money": 439634.76,
    "ask_count": 37
  },
  "B2U": {
    "bid": 13889.86,
    "ask": 13989.98,
    "bid_vol": 844.78360906,
    "bid_money": 982905.76110206,
    "bid_count": 169,
    "ask_vol": 115.02288217372,
    "ask_money": 3730462.5412115,
    "ask_count": 304
  },
  "NEG": {
    "bid": 13730.67,
    "ask": 13949.99,
    "bid_vol": 66.70733994,
    "bid_money": 763374.49477975,
    "bid_count": 135,
    "ask_vol": 173.80105777,
    "ask_money": 4011469.9006382,
    "ask_count": 505
  },
  "MBT": {
    "bid": 13651.04,
    "ask": 13836.89,
    "bid_vol": 412991.6441607,
    "bid_money": 2076673.1255425,
    "bid_count": 629,
    "ask_vol": 341.39402128,
    "ask_money": 7165702.3960914,
    "ask_count": 980
  },
  "BZX": {
    "bid": 13632.01,
    "ask": 13700,
    "bid_vol": 356.06380325,
    "bid_money": 302591.29542883,
    "bid_count": 83,
    "ask_vol": 52.64750768,
    "ask_money": 4947972.820617,
    "ask_count": 360
  },
  "CAM": {
    "bid": 13630.19,
    "ask": 13630.2,
    "bid_vol": 231.38173992,
    "bid_money": 354605.17368756,
    "bid_count": 97,
    "ask_vol": 68.0654949,
    "ask_money": 4541467.6207218,
    "ask_count": 359
  },
  "BTD": {
    "bid": 13611,
    "ask": 13611.4,
    "bid_vol": 31.58565122,
    "bid_money": 417797.27663806,
    "bid_count": 131,
    "ask_vol": 46.00921694,
    "ask_money": 664175.92243154,
    "ask_count": 143
  }
}
